Variable,Missing_Count,Missing_Percentage
pair_id,0,0.0
a_age,0,0.0
a_education,0,0.0
a_location,0,0.0
a_career_field,0,0.0
a_career_ambition,0,0.0
a_openness,0,0.0
a_extraversion,0,0.0
a_agreeableness,0,0.0
a_conscientiousness,0,0.0
a_chronotype,0,0.0
a_spontaneity,0,0.0
a_love_language,0,0.0
a_emotional_expressiveness,0,0.0
b_age,0,0.0
b_education,0,0.0
b_location,0,0.0
b_career_field,0,0.0
b_career_ambition,0,0.0
b_openness,0,0.0
b_extraversion,0,0.0
b_agreeableness,0,0.0
b_conscientiousness,0,0.0
b_chronotype,0,0.0
b_spontaneity,0,0.0
b_love_language,0,0.0
b_emotional_expressiveness,0,0.0
compatibility_score,0,0.0
compatible,0,0.0
relationship_longevity_months,0,0.0
