Variable,Unique_Values
pair_id,100000
compatibility_score,746
relationship_longevity_months,121
a_agreeableness,101
a_conscientiousness,101
a_career_ambition,101
a_chronotype,101
a_spontaneity,101
a_emotional_expressiveness,101
b_chronotype,101
b_extraversion,101
b_agreeableness,101
a_extraversion,101
a_openness,101
b_emotional_expressiveness,101
b_spontaneity,101
b_openness,101
b_career_ambition,101
b_conscientiousness,101
a_age,38
b_age,38
a_career_field,10
b_career_field,10
b_love_language,5
a_education,5
a_love_language,5
b_education,5
a_location,3
b_location,3
compatible,2
