Variable,Type
pair_id,int64
a_age,int64
a_education,int64
a_location,str
a_career_field,str
a_career_ambition,float64
a_openness,float64
a_extraversion,float64
a_agreeableness,float64
a_conscientiousness,float64
a_chronotype,float64
a_spontaneity,float64
a_love_language,str
a_emotional_expressiveness,float64
b_age,int64
b_education,int64
b_location,str
b_career_field,str
b_career_ambition,float64
b_openness,float64
b_extraversion,float64
b_agreeableness,float64
b_conscientiousness,float64
b_chronotype,float64
b_spontaneity,float64
b_love_language,str
b_emotional_expressiveness,float64
compatibility_score,float64
compatible,int64
relationship_longevity_months,int64
